{
    "osmotic_coefficient": [
        1.0073846578598022,
        1.0889928340911865,
        1.1587345600128174
    ],
    "osmotic_coefficient_error": [
        0.0019489958183206424,
        0.0038043829579981203,
        0.006169941450645755
    ],
    "osmotic_pressure": [
        49.06917953491211,
        104.48814392089844,
        163.17433166503906
    ],
    "osmotic_pressure_error": [
        0.12591894031908524,
        0.3019313554481897,
        0.7555053631432429
    ]
}