{
    "osmotic_coefficient": [
        1.0073846578598022,
        1.0889928340911865,
        1.1587345600128174
    ],
    "osmotic_coefficient_error": [
        0.002080892970807602,
        0.0045972189117728934,
        0.007067952280465639
    ],
    "osmotic_pressure": [
        49.06917953491211,
        104.48814392089844,
        163.17433166503906
    ],
    "osmotic_pressure_error": [
        0.13154204853200113,
        0.3438182186531691,
        0.8649490551774051
    ]
}