{
    "osmotic_coefficient": [
        1.0073846578598022,
        1.0889928340911865,
        1.1587345600128174
    ],
    "osmotic_coefficient_error": [
        0.0022200588939175203,
        0.0037448389961066697,
        0.0059163553990800866
    ],
    "osmotic_pressure": [
        49.06917953491211,
        104.48814392089844,
        163.17433166503906
    ],
    "osmotic_pressure_error": [
        0.1180113960368594,
        0.3036089576595913,
        0.7258259923905541
    ]
}