{
    "osmotic_coefficient": [
        1.0073846578598022,
        1.0889928340911865,
        1.1587345600128174
    ],
    "osmotic_coefficient_error": [
        0.001974019611451938,
        0.003840585435253785,
        0.006396835343879692
    ],
    "osmotic_pressure": [
        49.06917953491211,
        104.48814392089844,
        163.17433166503906
    ],
    "osmotic_pressure_error": [
        0.12151326177678712,
        0.30753987329845955,
        0.7853869502690571
    ]
}