{
    "osmotic_coefficient": [
        1.0073846578598022,
        1.0889928340911865,
        1.1587345600128174
    ],
    "osmotic_coefficient_error": [
        0.001970932918756385,
        0.0036871105138928106,
        0.006182280046620803
    ],
    "osmotic_pressure": [
        49.06917953491211,
        104.48814392089844,
        163.17433166503906
    ],
    "osmotic_pressure_error": [
        0.11636744139629585,
        0.29780732983077485,
        0.7366973620169972
    ]
}