{
    "osmotic_coefficient": [
        1.0073846578598022,
        1.0889928340911865,
        1.1587345600128174
    ],
    "osmotic_coefficient_error": [
        0.0017875133452038838,
        0.003917619937263805,
        0.0062916222727150695
    ],
    "osmotic_pressure": [
        49.06917953491211,
        104.48814392089844,
        163.17433166503906
    ],
    "osmotic_pressure_error": [
        0.10832592316774736,
        0.330843819857229,
        0.7561587810139372
    ]
}